First;Address;Country;Tel;email;marital
Ezra A. Rogers;Ap #408-8320 Sem Ave;Ukraine;+91 5206512856;enim.Nunc.ut@Curabiturconsequatlectus.ca;Married
Daphne F. Mcneil;P.O. Box 732, 1306 Pede Ave;Guam;+91 6806136164;sollicitudin@rutrumloremac.ca;Common-Law
Cedric H. Hurley;P.O. Box 996, 9060 Eu, Rd.;Mozambique;+91 0022783054;Suspendisse.sed@ametconsectetueradipiscing.ca;Common-Law
Hayden M. Rosales;Ap #401-8068 A St.;Myanmar;+91 8285903878;ligula.Donec@acfacilisis.com;Married
Alma Y. Roach;8343 Purus Av.;Bosnia and Herzegovina;+91 0068099371;ipsum.nunc.id@et.edu;Common-Law
Serena H. Mccarthy;Ap #619-1792 Ante Avenue;Equatorial Guinea;+91 4804750515;magnis.dis@habitantmorbi.ca;Married
Gloria S. Blackburn;P.O. Box 281, 7362 Eu Avenue;United Kingdom (Great Britain);+91 0013191722;placerat.velit@magnaPhasellusdolor.edu;Single
Hunter K. Beach;P.O. Box 582, 8628 Penatibus Street;Isle of Man;+91 8984547462;Proin.eget.odio@nonleo.com;Single
Emily L. Robertson;4297 Vestibulum Road;Namibia;+91 3615208305;Maecenas@ipsumleo.net;Common-Law
Daryl Z. Young;570-5934 Fringilla Ave;Bouvet Island;+91 1856674608;lorem@Nullainterdum.org;Common-Law
Courtney N. Howe;319-7978 Morbi Road;Papua New Guinea;+91 9606508722;pede.nec@euaccumsan.org;Common-Law
Chadwick B. Massey;P.O. Box 109, 6106 Vel Av.;Malta;+91 2598077861;nec@Aliquam.ca;Married
Kai H. Faulkner;P.O. Box 945, 8478 Metus. Ave;Honduras;+91 6421433687;Nunc.pulvinar.arcu@Integerin.edu;Common-Law
Chastity F. Berg;202 Et St.;Burkina Faso;+91 8415649772;vel@sedlibero.com;Single
Jordan E. Allen;P.O. Box 887, 8224 Velit. Road;Oman;+91 6145964489;volutpat.ornare.facilisis@semvitae.edu;Single
Nichole K. Reese;Ap #926-4269 Sociis Av.;Guyana;+91 3193620228;rutrum.lorem@Duisatlacus.co.uk;Married
Zena M. Logan;Ap #720-2251 Magna. Rd.;Cambodia;+91 3804724527;in.faucibus@estNunc.edu;Single
Kieran C. Peck;P.O. Box 769, 3151 Feugiat Rd.;Romania;+91 3401976281;Donec.fringilla.Donec@molestie.com;Married
Heather C. Baird;Ap #312-7494 At Ave;Libya;+91 9854572162;vitae.velit@vitaeodiosagittis.net;Single
